{
    "cms_id": "wp",
    "cms_name": "WordPress",
    "cms_url": "https://wordpress.org",
    "detection_param": "header",
    "last_scanned": "2022-01-27 11:05:02.098481",
    "url": "https://it.lacework.com",
    "wp_license": "https://it.lacework.com/license.txt",
    "wp_plugins": "add-to-any Version 1.16,syntaxhighlighter Version 3.0.9,megamenu-pro Version 2.2.2,",
    "wp_themes": "understrap-child Version 2.2.3,",
    "wp_users": "amy-vosterslacework-net,crissqualifiedigital-com,katy-martin,james-condon,david-hatfield,andreas-wilke,editorial,lacework-labs,chris-pedigo,jeff-castrina,"
}