[
    {
        "arguments": "/home/kali/Tools/dnsrecon/dnsrecon.py -d lacework.com -a -j subdomains/zonetransfer.json",
        "date": "2022-01-27 05:37:59.700917",
        "type": "ScanInfo"
    },
    {
        "ns_server": "2600:9000:5301:4900::1",
        "type": "info",
        "zone_transfer": "failed"
    },
    {
        "ns_server": "205.251.194.218",
        "type": "info",
        "zone_transfer": "failed"
    },
    {
        "ns_server": "205.251.199.11",
        "type": "info",
        "zone_transfer": "failed"
    },
    {
        "ns_server": "205.251.193.73",
        "type": "info",
        "zone_transfer": "failed"
    },
    {
        "ns_server": "2600:9000:5302:da00::1",
        "type": "info",
        "zone_transfer": "failed"
    },
    {
        "ns_server": "2600:9000:5305:1100::1",
        "type": "info",
        "zone_transfer": "failed"
    },
    {
        "ns_server": "2600:9000:5307:b00::1",
        "type": "info",
        "zone_transfer": "failed"
    },
    {
        "ns_server": "205.251.197.17",
        "type": "info",
        "zone_transfer": "failed"
    },
    {
        "address": "205.251.197.17",
        "domain": "lacework.com",
        "mname": "ns-1297.awsdns-34.org",
        "type": "SOA"
    },
    {
        "address": "2600:9000:5305:1100::1",
        "domain": "lacework.com",
        "mname": "ns-1297.awsdns-34.org",
        "type": "SOA"
    },
    {
        "Version": "",
        "address": "205.251.197.17",
        "domain": "lacework.com",
        "recursive": "True",
        "target": "ns-1297.awsdns-34.org",
        "type": "NS"
    },
    {
        "Version": "",
        "address": "2600:9000:5305:1100::1",
        "domain": "lacework.com",
        "recursive": "False",
        "target": "ns-1297.awsdns-34.org",
        "type": "NS"
    },
    {
        "Version": "",
        "address": "205.251.199.11",
        "domain": "lacework.com",
        "recursive": "True",
        "target": "ns-1803.awsdns-33.co.uk",
        "type": "NS"
    },
    {
        "Version": "",
        "address": "2600:9000:5307:b00::1",
        "domain": "lacework.com",
        "recursive": "False",
        "target": "ns-1803.awsdns-33.co.uk",
        "type": "NS"
    },
    {
        "Version": "",
        "address": "205.251.193.73",
        "domain": "lacework.com",
        "recursive": "True",
        "target": "ns-329.awsdns-41.com",
        "type": "NS"
    },
    {
        "Version": "",
        "address": "2600:9000:5301:4900::1",
        "domain": "lacework.com",
        "recursive": "False",
        "target": "ns-329.awsdns-41.com",
        "type": "NS"
    },
    {
        "Version": "",
        "address": "205.251.194.218",
        "domain": "lacework.com",
        "recursive": "True",
        "target": "ns-730.awsdns-27.net",
        "type": "NS"
    },
    {
        "Version": "",
        "address": "2600:9000:5302:da00::1",
        "domain": "lacework.com",
        "recursive": "False",
        "target": "ns-730.awsdns-27.net",
        "type": "NS"
    },
    {
        "address": "142.250.150.26",
        "domain": "lacework.com",
        "exchange": "aspmx3.googlemail.com",
        "type": "MX"
    },
    {
        "address": "142.251.9.26",
        "domain": "lacework.com",
        "exchange": "alt1.aspmx.l.google.com",
        "type": "MX"
    },
    {
        "address": "142.250.150.27",
        "domain": "lacework.com",
        "exchange": "alt2.aspmx.l.google.com",
        "type": "MX"
    },
    {
        "address": "74.125.133.27",
        "domain": "lacework.com",
        "exchange": "aspmx.l.google.com",
        "type": "MX"
    },
    {
        "address": "142.251.9.27",
        "domain": "lacework.com",
        "exchange": "aspmx2.googlemail.com",
        "type": "MX"
    },
    {
        "address": "2a00:1450:4010:c1c::1b",
        "domain": "lacework.com",
        "exchange": "aspmx3.googlemail.com",
        "type": "MX"
    },
    {
        "address": "2a00:1450:4025:c03::1b",
        "domain": "lacework.com",
        "exchange": "alt1.aspmx.l.google.com",
        "type": "MX"
    },
    {
        "address": "2a00:1450:4010:c1c::1a",
        "domain": "lacework.com",
        "exchange": "alt2.aspmx.l.google.com",
        "type": "MX"
    },
    {
        "address": "2a00:1450:400c:c02::1b",
        "domain": "lacework.com",
        "exchange": "aspmx.l.google.com",
        "type": "MX"
    },
    {
        "address": "2a00:1450:4025:c03::1b",
        "domain": "lacework.com",
        "exchange": "aspmx2.googlemail.com",
        "type": "MX"
    },
    {
        "address": "141.193.213.21",
        "domain": "lacework.com",
        "name": "lacework.com",
        "type": "A"
    },
    {
        "address": "141.193.213.20",
        "domain": "lacework.com",
        "name": "lacework.com",
        "type": "A"
    },
    {
        "domain": "lacework.com",
        "name": "lacework.com",
        "strings": "google-site-verification=FG9uHIelEMPoDzIDnKVAxpce7oq42YplNbAwcs00TUo",
        "type": "TXT"
    },
    {
        "domain": "lacework.com",
        "name": "lacework.com",
        "strings": "google-site-verification=ZzVqTfP_GPASh6vogifTn9swD0IN_B0qu5G5eZAVFo0",
        "type": "TXT"
    },
    {
        "domain": "lacework.com",
        "name": "lacework.com",
        "strings": "google-site-verification=njKCiEHcXYqcep4CIk8Y9p19_I-l3UU9wYOOYIXTQlw",
        "type": "TXT"
    },
    {
        "domain": "lacework.com",
        "name": "lacework.com",
        "strings": "h1-domain-verification=igKsfMRaLZYB8MDcyBVS5DgBiNEzP6KVExyabjacfejAsLsV",
        "type": "TXT"
    },
    {
        "domain": "lacework.com",
        "name": "lacework.com",
        "strings": "onetrust-domain-verification=e4ec5ecc13914e8f8c1eeacb8569d595",
        "type": "TXT"
    },
    {
        "domain": "lacework.com",
        "name": "lacework.com",
        "strings": "v=spf1 include:mktomail.com ~all",
        "type": "TXT"
    },
    {
        "domain": "lacework.com",
        "name": "lacework.com",
        "strings": "google-site-verification=3V5uZWrT3Iik-Naj9g1kndt7rxP1D0EDY_vx4UmlrCA",
        "type": "TXT"
    },
    {
        "domain": "lacework.com",
        "name": "_dmarc.lacework.com",
        "strings": "v=DMARC1; p=none; pct=100; rua=mailto:dmarc-reports@lacework.net; adkim=s; aspf=s",
        "type": "TXT"
    }
]